step,time,pos_x,pos_y,pos_z,local_x,local_y,local_z
0,0.0000,0.0200,50.0488,10.0000,-0.0200,48.2488,-10.0000
1,0.0100,0.0399,50.0963,10.0000,-0.0399,48.2963,-10.0000
2,0.0200,0.0598,50.1427,10.0000,-0.0598,48.3427,-10.0000
3,0.0300,0.0796,50.1878,10.0000,-0.0796,48.3878,-10.0000
4,0.0400,0.0994,50.2318,10.0000,-0.0994,48.4318,-10.0000
5,0.0500,0.1192,50.2746,10.0000,-0.1192,48.4746,-10.0000
6,0.0600,0.1389,50.3162,10.0000,-0.1389,48.5162,-10.0000
7,0.0700,0.1586,50.3567,10.0000,-0.1586,48.5567,-10.0000
8,0.0800,0.1782,50.3960,10.0000,-0.1782,48.5960,-10.0000
9,0.0900,0.1978,50.4342,10.0000,-0.1978,48.6342,-10.0000
10,0.1000,0.2174,50.4713,10.0000,-0.2174,48.6713,-10.0000
11,0.1100,0.2369,50.5073,10.0000,-0.2369,48.7073,-10.0000
12,0.1200,0.2564,50.5421,10.0000,-0.2564,48.7421,-10.0000
13,0.1300,0.2759,50.5758,10.0000,-0.2759,48.7758,-10.0000
14,0.1400,0.2953,50.6085,10.0000,-0.2953,48.8085,-10.0000
15,0.1500,0.3147,50.6401,10.0000,-0.3147,48.8401,-10.0000
16,0.1600,0.3340,50.6705,10.0000,-0.3340,48.8705,-10.0000
17,0.1700,0.3533,50.7000,10.0000,-0.3533,48.9000,-10.0000
18,0.1800,0.3726,50.7283,10.0000,-0.3726,48.9283,-10.0000
19,0.1900,0.3918,50.7556,10.0000,-0.3918,48.9556,-10.0000
20,0.2000,0.4110,50.7818,10.0000,-0.4110,48.9818,-10.0000
21,0.2100,0.4302,50.8070,10.0000,-0.4302,49.0070,-10.0000
22,0.2200,0.4493,50.8311,10.0000,-0.4493,49.0311,-10.0000
23,0.2300,0.4684,50.8542,10.0000,-0.4684,49.0542,-10.0000
24,0.2400,0.4874,50.8763,10.0000,-0.4874,49.0763,-10.0000
25,0.2500,0.5064,50.8973,10.0000,-0.5064,49.0973,-10.0000
26,0.2600,0.5254,50.9174,10.0000,-0.5254,49.1174,-10.0000
27,0.2700,0.5443,50.9363,10.0000,-0.5443,49.1363,-10.0000
28,0.2800,0.5632,50.9543,10.0000,-0.5632,49.1543,-10.0000
29,0.2900,0.5821,50.9713,10.0000,-0.5821,49.1713,-10.0000
30,0.3000,0.6009,50.9872,10.0000,-0.6009,49.1872,-10.0000
31,0.3100,0.6197,51.0022,10.0000,-0.6197,49.2022,-10.0000
32,0.3200,0.6385,51.0161,10.0000,-0.6385,49.2161,-10.0000
33,0.3300,0.6572,51.0291,10.0000,-0.6572,49.2291,-10.0000
34,0.3400,0.6759,51.0411,10.0000,-0.6759,49.2411,-10.0000
35,0.3500,0.6945,51.0520,10.0000,-0.6945,49.2520,-10.0000
36,0.3600,0.7132,51.0620,10.0000,-0.7132,49.2620,-10.0000
37,0.3700,0.7317,51.0710,10.0000,-0.7317,49.2710,-10.0000
38,0.3800,0.7503,51.0789,10.0000,-0.7503,49.2789,-10.0000
39,0.3900,0.7688,51.0859,10.0000,-0.7688,49.2859,-10.0000
40,0.4000,0.7873,51.0920,10.0000,-0.7873,49.2920,-10.0000
41,0.4100,0.8057,51.0970,10.0000,-0.8057,49.2970,-10.0000
42,0.4200,0.8242,51.1010,10.0000,-0.8242,49.3010,-10.0000
43,0.4300,0.8425,51.1041,10.0000,-0.8425,49.3041,-10.0000
44,0.4400,0.8609,51.1062,10.0000,-0.8609,49.3062,-10.0000
45,0.4500,0.8792,51.1073,10.0000,-0.8792,49.3073,-10.0000
46,0.4600,0.8975,51.1074,10.0000,-0.8975,49.3074,-10.0000
47,0.4700,0.9157,51.1066,10.0000,-0.9157,49.3066,-10.0000
48,0.4800,0.9339,51.1048,10.0000,-0.9339,49.3048,-10.0000
49,0.4900,0.9521,51.1019,10.0000,-0.9521,49.3019,-10.0000
50,0.5000,0.9703,51.0981,10.0000,-0.9703,49.2981,-10.0000
51,0.5100,0.9884,51.0934,10.0000,-0.9884,49.2934,-10.0000
52,0.5200,1.0064,51.0876,10.0000,-1.0064,49.2876,-10.0000
53,0.5300,1.0245,51.0809,10.0000,-1.0245,49.2809,-10.0000
54,0.5400,1.0425,51.0732,10.0000,-1.0425,49.2732,-10.0000
55,0.5500,1.0605,51.0645,10.0000,-1.0605,49.2645,-10.0000
56,0.5600,1.0784,51.0549,10.0000,-1.0784,49.2549,-10.0000
57,0.5700,1.0964,51.0443,10.0000,-1.0964,49.2443,-10.0000
58,0.5800,1.1142,51.0327,10.0000,-1.1142,49.2327,-10.0000
59,0.5900,1.1321,51.0201,10.0000,-1.1321,49.2201,-10.0000
60,0.6000,1.1499,51.0066,10.0000,-1.1499,49.2066,-10.0000
61,0.6100,1.1677,50.9921,10.0000,-1.1677,49.1921,-10.0000
62,0.6200,1.1855,50.9767,10.0000,-1.1855,49.1767,-10.0000
63,0.6300,1.2032,50.9603,10.0000,-1.2032,49.1603,-10.0000
64,0.6400,1.2209,50.9430,10.0000,-1.2209,49.1430,-10.0000
65,0.6500,1.2386,50.9247,10.0000,-1.2386,49.1247,-10.0000
66,0.6600,1.2562,50.9054,10.0000,-1.2562,49.1054,-10.0000
67,0.6700,1.2738,50.8852,10.0000,-1.2738,49.0852,-10.0000
68,0.6800,1.2914,50.8641,10.0000,-1.2914,49.0641,-10.0000
69,0.6900,1.3089,50.8421,10.0000,-1.3089,49.0421,-10.0000
70,0.7000,1.3264,50.8191,10.0000,-1.3264,49.0191,-10.0000
71,0.7100,1.3439,50.7951,10.0000,-1.3439,48.9951,-10.0000
72,0.7200,1.3613,50.7703,10.0000,-1.3613,48.9703,-10.0000
73,0.7300,1.3787,50.7445,10.0000,-1.3787,48.9445,-10.0000
74,0.7400,1.3961,50.7179,10.0000,-1.3961,48.9179,-10.0000
75,0.7500,1.4135,50.6903,10.0000,-1.4135,48.8903,-10.0000
76,0.7600,1.4308,50.6618,10.0000,-1.4308,48.8618,-10.0000
77,0.7700,1.4481,50.6324,10.0000,-1.4481,48.8324,-10.0000
78,0.7800,1.4654,50.6021,10.0000,-1.4654,48.8021,-10.0000
79,0.7900,1.4826,50.5710,10.0000,-1.4826,48.7710,-10.0000
80,0.8000,1.4998,50.5389,10.0000,-1.4998,48.7389,-10.0000
81,0.8100,1.5170,50.5060,10.0000,-1.5170,48.7060,-10.0000
82,0.8200,1.5342,50.4722,10.0000,-1.5342,48.6722,-10.0000
83,0.8300,1.5513,50.4375,10.0000,-1.5513,48.6375,-10.0000
84,0.8400,1.5684,50.4020,10.0000,-1.5684,48.6020,-10.0000
85,0.8500,1.5854,50.3656,10.0000,-1.5854,48.5656,-10.0000
86,0.8600,1.6025,50.3284,10.0000,-1.6025,48.5284,-10.0000
87,0.8700,1.6195,50.2903,10.0000,-1.6195,48.4903,-10.0000
88,0.8800,1.6364,50.2514,10.0000,-1.6364,48.4514,-10.0000
89,0.8900,1.6534,50.2117,10.0000,-1.6534,48.4117,-10.0000
90,0.9000,1.6703,50.1711,10.0000,-1.6703,48.3711,-10.0000
91,0.9100,1.6872,50.1298,10.0000,-1.6872,48.3298,-10.0000
92,0.9200,1.7040,50.0876,10.0000,-1.7040,48.2876,-10.0000
93,0.9300,1.7209,50.0446,10.0000,-1.7209,48.2446,-10.0000
94,0.9400,1.7377,50.0008,10.0000,-1.7377,48.2008,-10.0000
95,0.9500,1.7544,49.9563,10.0000,-1.7544,48.1563,-10.0000
96,0.9600,1.7712,49.9109,10.0000,-1.7712,48.1109,-10.0000
97,0.9700,1.7879,49.8648,10.0000,-1.7879,48.0648,-10.0000
98,0.9800,1.8046,49.8179,10.0000,-1.8046,48.0179,-10.0000
99,0.9900,1.8213,49.7703,10.0000,-1.8213,47.9703,-10.0000
100,1.0000,1.8379,49.7219,10.0000,-1.8379,47.9219,-10.0000
101,1.0100,1.8545,49.6727,10.0000,-1.8545,47.8727,-10.0000
102,1.0200,1.8711,49.6228,10.0000,-1.8711,47.8228,-10.0000
103,1.0300,1.8876,49.5722,10.0000,-1.8876,47.7722,-10.0000
104,1.0400,1.9041,49.5209,10.0000,-1.9041,47.7209,-10.0000
105,1.0500,1.9206,49.4688,10.0000,-1.9206,47.6688,-10.0000
106,1.0600,1.9371,49.4161,10.0000,-1.9371,47.6161,-10.0000
107,1.0700,1.9536,49.3626,10.0000,-1.9536,47.5626,-10.0000
108,1.0800,1.9700,49.3084,10.0000,-1.9700,47.5084,-10.0000
109,1.0900,1.9864,49.2536,10.0000,-1.9864,47.4536,-10.0000
110,1.1000,2.0027,49.1981,10.0000,-2.0027,47.3981,-10.0000
111,1.1100,2.0191,49.1419,10.0000,-2.0191,47.3419,-10.0000
112,1.1200,2.0354,49.0850,10.0000,-2.0354,47.2850,-10.0000
113,1.1300,2.0516,49.0275,10.0000,-2.0516,47.2275,-10.0000
114,1.1400,2.0679,48.9693,10.0000,-2.0679,47.1693,-10.0000
115,1.1500,2.0841,48.9105,10.0000,-2.0841,47.1105,-10.0000
116,1.1600,2.1003,48.8511,10.0000,-2.1003,47.0511,-10.0000
117,1.1700,2.1165,48.7910,10.0000,-2.1165,46.9910,-10.0000
118,1.1800,2.1327,48.7303,10.0000,-2.1327,46.9303,-10.0000
119,1.1900,2.1488,48.6690,10.0000,-2.1488,46.8690,-10.0000
120,1.2000,2.1649,48.6071,10.0000,-2.1649,46.8071,-10.0000
121,1.2100,2.1809,48.5446,10.0000,-2.1809,46.7446,-10.0000
122,1.2200,2.1970,48.4815,10.0000,-2.1970,46.6815,-10.0000
123,1.2300,2.2130,48.4178,10.0000,-2.2130,46.6178,-10.0000
124,1.2400,2.2290,48.3536,10.0000,-2.2290,46.5536,-10.0000
125,1.2500,2.2450,48.2888,10.0000,-2.2450,46.4888,-10.0000
126,1.2600,2.2609,48.2234,10.0000,-2.2609,46.4234,-10.0000
127,1.2700,2.2768,48.1575,10.0000,-2.2768,46.3575,-10.0000
128,1.2800,2.2927,48.0910,10.0000,-2.2927,46.2910,-10.0000
129,1.2900,2.3086,48.0240,10.0000,-2.3086,46.2240,-10.0000
130,1.3000,2.3244,47.9565,10.0000,-2.3244,46.1565,-10.0000
131,1.3100,2.3403,47.8884,10.0000,-2.3403,46.0884,-10.0000
132,1.3200,2.3560,47.8198,10.0000,-2.3560,46.0198,-10.0000
133,1.3300,2.3718,47.7507,10.0000,-2.3718,45.9507,-10.0000
134,1.3400,2.3876,47.6811,10.0000,-2.3876,45.8811,-10.0000
135,1.3500,2.4033,47.6110,10.0000,-2.4033,45.8110,-10.0000
136,1.3600,2.4190,47.5404,10.0000,-2.4190,45.7404,-10.0000
137,1.3700,2.4346,47.4694,10.0000,-2.4346,45.6694,-10.0000
138,1.3800,2.4503,47.3979,10.0000,-2.4503,45.5979,-10.0000
139,1.3900,2.4659,47.3258,10.0000,-2.4659,45.5258,-10.0000
140,1.4000,2.4815,47.2534,10.0000,-2.4815,45.4534,-10.0000
141,1.4100,2.4971,47.1805,10.0000,-2.4971,45.3805,-10.0000
142,1.4200,2.5126,47.1071,10.0000,-2.5126,45.3071,-10.0000
143,1.4300,2.5281,47.0333,10.0000,-2.5281,45.2333,-10.0000
144,1.4400,2.5436,46.9590,10.0000,-2.5436,45.1590,-10.0000
145,1.4500,2.5591,46.8844,10.0000,-2.5591,45.0844,-10.0000
146,1.4600,2.5745,46.8093,10.0000,-2.5745,45.0093,-10.0000
147,1.4700,2.5900,46.7338,10.0000,-2.5900,44.9338,-10.0000
148,1.4800,2.6054,46.6578,10.0000,-2.6054,44.8578,-10.0000
149,1.4900,2.6208,46.5815,10.0000,-2.6208,44.7815,-10.0000
150,1.5000,2.6361,46.5048,10.0000,-2.6361,44.7048,-10.0000
151,1.5100,2.6514,46.4277,10.0000,-2.6514,44.6277,-10.0000
152,1.5200,2.6667,46.3502,10.0000,-2.6667,44.5502,-10.0000
153,1.5300,2.6820,46.2723,10.0000,-2.6820,44.4723,-10.0000
154,1.5400,2.6973,46.1940,10.0000,-2.6973,44.3940,-10.0000
155,1.5500,2.7125,46.1154,10.0000,-2.7125,44.3154,-10.0000
156,1.5600,2.7277,46.0364,10.0000,-2.7277,44.2364,-10.0000
157,1.5700,2.7429,45.9571,10.0000,-2.7429,44.1571,-10.0000
158,1.5800,2.7581,45.8774,10.0000,-2.7581,44.0774,-10.0000
159,1.5900,2.7732,45.7974,10.0000,-2.7732,43.9974,-10.0000
160,1.6000,2.7884,45.7170,10.0000,-2.7884,43.9170,-10.0000
161,1.6100,2.8035,45.6363,10.0000,-2.8035,43.8363,-10.0000
162,1.6200,2.8185,45.5552,10.0000,-2.8185,43.7552,-10.0000
163,1.6300,2.8336,45.4739,10.0000,-2.8336,43.6739,-10.0000
164,1.6400,2.8486,45.3922,10.0000,-2.8486,43.5922,-10.0000
165,1.6500,2.8636,45.3102,10.0000,-2.8636,43.5102,-10.0000
166,1.6600,2.8786,45.2279,10.0000,-2.8786,43.4279,-10.0000
167,1.6700,2.8936,45.1453,10.0000,-2.8936,43.3453,-10.0000
168,1.6800,2.9085,45.0624,10.0000,-2.9085,43.2624,-10.0000
169,1.6900,2.9234,44.9792,10.0000,-2.9234,43.1792,-10.0000
170,1.7000,2.9383,44.8957,10.0000,-2.9383,43.0957,-10.0000
171,1.7100,2.9532,44.8120,10.0000,-2.9532,43.0120,-10.0000
172,1.7200,2.9681,44.7279,10.0000,-2.9681,42.9279,-10.0000
173,1.7300,2.9829,44.6436,10.0000,-2.9829,42.8436,-10.0000
174,1.7400,2.9977,44.5590,10.0000,-2.9977,42.7590,-10.0000
175,1.7500,3.0125,44.4742,10.0000,-3.0125,42.6742,-10.0000
176,1.7600,3.0273,44.3891,10.0000,-3.0273,42.5891,-10.0000
177,1.7700,3.0420,44.3037,10.0000,-3.0420,42.5037,-10.0000
178,1.7800,3.0567,44.2181,10.0000,-3.0567,42.4181,-10.0000
179,1.7900,3.0714,44.1322,10.0000,-3.0714,42.3322,-10.0000
180,1.8000,3.0861,44.0461,10.0000,-3.0861,42.2461,-10.0000
181,1.8100,3.1008,43.9598,10.0000,-3.1008,42.1598,-10.0000
182,1.8200,3.1154,43.8732,10.0000,-3.1154,42.0732,-10.0000
183,1.8300,3.1300,43.7864,10.0000,-3.1300,41.9864,-10.0000
184,1.8400,3.1446,43.6994,10.0000,-3.1446,41.8994,-10.0000
185,1.8500,3.1592,43.6121,10.0000,-3.1592,41.8121,-10.0000
186,1.8600,3.1737,43.5246,10.0000,-3.1737,41.7246,-10.0000
187,1.8700,3.1882,43.4369,10.0000,-3.1882,41.6369,-10.0000
188,1.8800,3.2028,43.3490,10.0000,-3.2028,41.5490,-10.0000
189,1.8900,3.2172,43.2609,10.0000,-3.2172,41.4609,-10.0000
190,1.9000,3.2317,43.1726,10.0000,-3.2317,41.3726,-10.0000
191,1.9100,3.2461,43.0841,10.0000,-3.2461,41.2841,-10.0000
192,1.9200,3.2606,42.9954,10.0000,-3.2606,41.1954,-10.0000
193,1.9300,3.2750,42.9065,10.0000,-3.2750,41.1065,-10.0000
194,1.9400,3.2894,42.8174,10.0000,-3.2894,41.0174,-10.0000
195,1.9500,3.3037,42.7281,10.0000,-3.3037,40.9281,-10.0000
196,1.9600,3.3181,42.6387,10.0000,-3.3181,40.8387,-10.0000
197,1.9700,3.3324,42.5490,10.0000,-3.3324,40.7490,-10.0000
198,1.9800,3.3467,42.4592,10.0000,-3.3467,40.6592,-10.0000
199,1.9900,3.3610,42.3692,10.0000,-3.3610,40.5692,-10.0000
200,2.0000,3.3752,42.2791,10.0000,-3.3752,40.4791,-10.0000
201,2.0100,3.3895,42.1887,10.0000,-3.3895,40.3887,-10.0000
202,2.0200,3.4037,42.0982,10.0000,-3.4037,40.2982,-10.0000
203,2.0300,3.4179,42.0076,10.0000,-3.4179,40.2076,-10.0000
204,2.0400,3.4320,41.9168,10.0000,-3.4320,40.1168,-10.0000
205,2.0500,3.4462,41.8258,10.0000,-3.4462,40.0258,-10.0000
206,2.0600,3.4603,41.7347,10.0000,-3.4603,39.9347,-10.0000
207,2.0700,3.4745,41.6434,10.0000,-3.4745,39.8434,-10.0000
208,2.0800,3.4886,41.5520,10.0000,-3.4886,39.7520,-10.0000
209,2.0900,3.5026,41.4604,10.0000,-3.5026,39.6604,-10.0000
210,2.1000,3.5167,41.3687,10.0000,-3.5167,39.5687,-10.0000
211,2.1100,3.5307,41.2769,10.0000,-3.5307,39.4769,-10.0000
212,2.1200,3.5447,41.1849,10.0000,-3.5447,39.3849,-10.0000
213,2.1300,3.5587,41.0928,10.0000,-3.5587,39.2928,-10.0000
214,2.1400,3.5727,41.0006,10.0000,-3.5727,39.2006,-10.0000
215,2.1500,3.5867,40.9082,10.0000,-3.5867,39.1082,-10.0000
216,2.1600,3.6006,40.8157,10.0000,-3.6006,39.0157,-10.0000
217,2.1700,3.6145,40.7231,10.0000,-3.6145,38.9231,-10.0000
218,2.1800,3.6284,40.6303,10.0000,-3.6284,38.8303,-10.0000
219,2.1900,3.6423,40.5375,10.0000,-3.6423,38.7375,-10.0000
220,2.2000,3.6562,40.4445,10.0000,-3.6562,38.6445,-10.0000
221,2.2100,3.6700,40.3514,10.0000,-3.6700,38.5514,-10.0000
222,2.2200,3.6839,40.2582,10.0000,-3.6839,38.4582,-10.0000
223,2.2300,3.6977,40.1648,10.0000,-3.6977,38.3648,-10.0000
224,2.2400,3.7114,40.0714,10.0000,-3.7114,38.2714,-10.0000
225,2.2500,3.7252,39.9779,10.0000,-3.7252,38.1779,-10.0000
226,2.2600,3.7390,39.8842,10.0000,-3.7390,38.0842,-10.0000
227,2.2700,3.7527,39.7905,10.0000,-3.7527,37.9905,-10.0000
228,2.2800,3.7664,39.6966,10.0000,-3.7664,37.8966,-10.0000
229,2.2900,3.7801,39.6027,10.0000,-3.7801,37.8027,-10.0000
230,2.3000,3.7938,39.5086,10.0000,-3.7938,37.7086,-10.0000
231,2.3100,3.8074,39.4145,10.0000,-3.8074,37.6145,-10.0000
232,2.3200,3.8211,39.3203,10.0000,-3.8211,37.5203,-10.0000
233,2.3300,3.8347,39.2259,10.0000,-3.8347,37.4259,-10.0000
234,2.3400,3.8483,39.1315,10.0000,-3.8483,37.3315,-10.0000
235,2.3500,3.8618,39.0370,10.0000,-3.8618,37.2370,-10.0000
236,2.3600,3.8754,38.9424,10.0000,-3.8754,37.1424,-10.0000
237,2.3700,3.8890,38.8477,10.0000,-3.8890,37.0477,-10.0000
238,2.3800,3.9025,38.7530,10.0000,-3.9025,36.9530,-10.0000
239,2.3900,3.9160,38.6581,10.0000,-3.9160,36.8581,-10.0000
240,2.4000,3.9295,38.5632,10.0000,-3.9295,36.7632,-10.0000
241,2.4100,3.9429,38.4682,10.0000,-3.9429,36.6682,-10.0000
242,2.4200,3.9564,38.3731,10.0000,-3.9564,36.5731,-10.0000
243,2.4300,3.9698,38.2780,10.0000,-3.9698,36.4780,-10.0000
244,2.4400,3.9832,38.1827,10.0000,-3.9832,36.3827,-10.0000
245,2.4500,3.9966,38.0874,10.0000,-3.9966,36.2874,-10.0000
246,2.4600,4.0100,37.9921,10.0000,-4.0100,36.1921,-10.0000
247,2.4700,4.0234,37.8966,10.0000,-4.0234,36.0966,-10.0000
248,2.4800,4.0367,37.8011,10.0000,-4.0367,36.0011,-10.0000
249,2.4900,4.0501,37.7055,10.0000,-4.0501,35.9055,-10.0000
250,2.5000,4.0634,37.6099,10.0000,-4.0634,35.8099,-10.0000
251,2.5100,4.0767,37.5142,10.0000,-4.0767,35.7142,-10.0000
252,2.5200,4.0899,37.4184,10.0000,-4.0899,35.6184,-10.0000
253,2.5300,4.1032,37.3225,10.0000,-4.1032,35.5225,-10.0000
254,2.5400,4.1164,37.2266,10.0000,-4.1164,35.4266,-10.0000
255,2.5500,4.1296,37.1307,10.0000,-4.1296,35.3307,-10.0000
256,2.5600,4.1428,37.0347,10.0000,-4.1428,35.2347,-10.0000
257,2.5700,4.1560,36.9386,10.0000,-4.1560,35.1386,-10.0000
258,2.5800,4.1692,36.8424,10.0000,-4.1692,35.0424,-10.0000
259,2.5900,4.1823,36.7463,10.0000,-4.1823,34.9463,-10.0000
260,2.6000,4.1955,36.6500,10.0000,-4.1955,34.8500,-10.0000
261,2.6100,4.2086,36.5537,10.0000,-4.2086,34.7537,-10.0000
262,2.6200,4.2217,36.4574,10.0000,-4.2217,34.6574,-10.0000
263,2.6300,4.2348,36.3610,10.0000,-4.2348,34.5610,-10.0000
264,2.6400,4.2478,36.2645,10.0000,-4.2478,34.4645,-10.0000
265,2.6500,4.2609,36.1680,10.0000,-4.2609,34.3680,-10.0000
266,2.6600,4.2739,36.0714,10.0000,-4.2739,34.2714,-10.0000
267,2.6700,4.2869,35.9748,10.0000,-4.2869,34.1748,-10.0000
268,2.6800,4.2999,35.8782,10.0000,-4.2999,34.0782,-10.0000
269,2.6900,4.3129,35.7815,10.0000,-4.3129,33.9815,-10.0000
270,2.7000,4.3259,35.6848,10.0000,-4.3259,33.8848,-10.0000
271,2.7100,4.3388,35.5880,10.0000,-4.3388,33.7880,-10.0000
272,2.7200,4.3517,35.4911,10.0000,-4.3517,33.6911,-10.0000
273,2.7300,4.3647,35.3943,10.0000,-4.3647,33.5943,-10.0000
274,2.7400,4.3776,35.2974,10.0000,-4.3776,33.4974,-10.0000
275,2.7500,4.3904,35.2004,10.0000,-4.3904,33.4004,-10.0000
276,2.7600,4.4033,35.1034,10.0000,-4.4033,33.3034,-10.0000
277,2.7700,4.4161,35.0064,10.0000,-4.4161,33.2064,-10.0000
278,2.7800,4.4290,34.9093,10.0000,-4.4290,33.1093,-10.0000
279,2.7900,4.4418,34.8122,10.0000,-4.4418,33.0122,-10.0000
280,2.8000,4.4546,34.7151,10.0000,-4.4546,32.9151,-10.0000
281,2.8100,4.4674,34.6179,10.0000,-4.4674,32.8179,-10.0000
282,2.8200,4.4801,34.5207,10.0000,-4.4801,32.7207,-10.0000
283,2.8300,4.4929,34.4234,10.0000,-4.4929,32.6234,-10.0000
284,2.8400,4.5056,34.3261,10.0000,-4.5056,32.5261,-10.0000
285,2.8500,4.5183,34.2288,10.0000,-4.5183,32.4288,-10.0000
286,2.8600,4.5310,34.1315,10.0000,-4.5310,32.3315,-10.0000
287,2.8700,4.5437,34.0341,10.0000,-4.5437,32.2341,-10.0000
288,2.8800,4.5564,33.9367,10.0000,-4.5564,32.1367,-10.0000
289,2.8900,4.5690,33.8392,10.0000,-4.5690,32.0392,-10.0000
290,2.9000,4.5817,33.7417,10.0000,-4.5817,31.9417,-10.0000
291,2.9100,4.5943,33.6442,10.0000,-4.5943,31.8442,-10.0000
292,2.9200,4.6069,33.5467,10.0000,-4.6069,31.7467,-10.0000
293,2.9300,4.6195,33.4491,10.0000,-4.6195,31.6491,-10.0000
294,2.9400,4.6320,33.3516,10.0000,-4.6320,31.5516,-10.0000
295,2.9500,4.6446,33.2539,10.0000,-4.6446,31.4539,-10.0000
296,2.9600,4.6571,33.1563,10.0000,-4.6571,31.3563,-10.0000
297,2.9700,4.6697,33.0586,10.0000,-4.6697,31.2586,-10.0000
298,2.9800,4.6822,32.9609,10.0000,-4.6822,31.1609,-10.0000
299,2.9900,4.6947,32.8632,10.0000,-4.6947,31.0632,-10.0000
300,3.0000,4.7071,32.7654,10.0000,-4.7071,30.9654,-10.0000
301,3.0100,4.7196,32.6677,10.0000,-4.7196,30.8677,-10.0000
302,3.0200,4.7320,32.5699,10.0000,-4.7320,30.7699,-10.0000
303,3.0300,4.7445,32.4720,10.0000,-4.7445,30.6720,-10.0000
304,3.0400,4.7569,32.3742,10.0000,-4.7569,30.5742,-10.0000
305,3.0500,4.7693,32.2763,10.0000,-4.7693,30.4763,-10.0000
306,3.0600,4.7817,32.1784,10.0000,-4.7817,30.3784,-10.0000
307,3.0700,4.7940,32.0805,10.0000,-4.7940,30.2805,-10.0000
308,3.0800,4.8064,31.9826,10.0000,-4.8064,30.1826,-10.0000
309,3.0900,4.8187,31.8846,10.0000,-4.8187,30.0846,-10.0000
310,3.1000,4.8311,31.7867,10.0000,-4.8311,29.9867,-10.0000
311,3.1100,4.8434,31.6887,10.0000,-4.8434,29.8887,-10.0000
312,3.1200,4.8557,31.5907,10.0000,-4.8557,29.7907,-10.0000
313,3.1300,4.8679,31.4926,10.0000,-4.8679,29.6926,-10.0000
314,3.1400,4.8802,31.3946,10.0000,-4.8802,29.5946,-10.0000
315,3.1500,4.8924,31.2965,10.0000,-4.8924,29.4965,-10.0000
316,3.1600,4.9047,31.1984,10.0000,-4.9047,29.3984,-10.0000
317,3.1700,4.9169,31.1003,10.0000,-4.9169,29.3003,-10.0000
318,3.1800,4.9291,31.0022,10.0000,-4.9291,29.2022,-10.0000
319,3.1900,4.9413,30.9040,10.0000,-4.9413,29.1040,-10.0000
320,3.2000,4.9535,30.8059,10.0000,-4.9535,29.0059,-10.0000
321,3.2100,4.9656,30.7077,10.0000,-4.9656,28.9077,-10.0000
322,3.2200,4.9778,30.6095,10.0000,-4.9778,28.8095,-10.0000
323,3.2300,4.9899,30.5113,10.0000,-4.9899,28.7113,-10.0000
324,3.2400,5.0020,30.4131,10.0000,-5.0020,28.6131,-10.0000
325,3.2500,5.0141,30.3148,10.0000,-5.0141,28.5148,-10.0000
326,3.2600,5.0262,30.2166,10.0000,-5.0262,28.4166,-10.0000
327,3.2700,5.0383,30.1183,10.0000,-5.0383,28.3183,-10.0000
328,3.2800,5.0503,30.0200,10.0000,-5.0503,28.2200,-10.0000
329,3.2900,5.0623,29.9217,10.0000,-5.0623,28.1217,-10.0000
330,3.3000,5.0744,29.8234,10.0000,-5.0744,28.0234,-10.0000
331,3.3100,5.0864,29.7251,10.0000,-5.0864,27.9251,-10.0000
332,3.3200,5.0984,29.6268,10.0000,-5.0984,27.8268,-10.0000
333,3.3300,5.1104,29.5284,10.0000,-5.1104,27.7284,-10.0000
334,3.3400,5.1223,29.4301,10.0000,-5.1223,27.6301,-10.0000
335,3.3500,5.1343,29.3317,10.0000,-5.1343,27.5317,-10.0000
336,3.3600,5.1462,29.2333,10.0000,-5.1462,27.4333,-10.0000
337,3.3700,5.1582,29.1349,10.0000,-5.1582,27.3349,-10.0000
338,3.3800,5.1701,29.0365,10.0000,-5.1701,27.2365,-10.0000
339,3.3900,5.1820,28.9381,10.0000,-5.1820,27.1381,-10.0000
340,3.4000,5.1938,28.8396,10.0000,-5.1938,27.0396,-10.0000
341,3.4100,5.2057,28.7412,10.0000,-5.2057,26.9412,-10.0000
342,3.4200,5.2176,28.6427,10.0000,-5.2176,26.8427,-10.0000
343,3.4300,5.2294,28.5443,10.0000,-5.2294,26.7443,-10.0000
344,3.4400,5.2412,28.4458,10.0000,-5.2412,26.6458,-10.0000
345,3.4500,5.2531,28.3473,10.0000,-5.2531,26.5473,-10.0000
346,3.4600,5.2649,28.2488,10.0000,-5.2649,26.4488,-10.0000
347,3.4700,5.2766,28.1503,10.0000,-5.2766,26.3503,-10.0000
348,3.4800,5.2884,28.0518,10.0000,-5.2884,26.2518,-10.0000
349,3.4900,5.3002,27.9533,10.0000,-5.3002,26.1533,-10.0000
350,3.5000,5.3119,27.8547,10.0000,-5.3119,26.0547,-10.0000
351,3.5100,5.3236,27.7562,10.0000,-5.3236,25.9562,-10.0000
352,3.5200,5.3354,27.6576,10.0000,-5.3354,25.8576,-10.0000
353,3.5300,5.3471,27.5591,10.0000,-5.3471,25.7591,-10.0000
354,3.5400,5.3587,27.4605,10.0000,-5.3587,25.6605,-10.0000
355,3.5500,5.3704,27.3619,10.0000,-5.3704,25.5619,-10.0000
356,3.5600,5.3821,27.2633,10.0000,-5.3821,25.4633,-10.0000
357,3.5700,5.3937,27.1647,10.0000,-5.3937,25.3647,-10.0000
358,3.5800,5.4054,27.0661,10.0000,-5.4054,25.2661,-10.0000
359,3.5900,5.4170,26.9675,10.0000,-5.4170,25.1675,-10.0000
360,3.6000,5.4286,26.8689,10.0000,-5.4286,25.0689,-10.0000
361,3.6100,5.4402,26.7703,10.0000,-5.4402,24.9703,-10.0000
362,3.6200,5.4518,26.6716,10.0000,-5.4518,24.8716,-10.0000
363,3.6300,5.4633,26.5730,10.0000,-5.4633,24.7730,-10.0000
364,3.6400,5.4749,26.4744,10.0000,-5.4749,24.6744,-10.0000
365,3.6500,5.4864,26.3757,10.0000,-5.4864,24.5757,-10.0000
366,3.6600,5.4980,26.2770,10.0000,-5.4980,24.4770,-10.0000
367,3.6700,5.5095,26.1784,10.0000,-5.5095,24.3784,-10.0000
368,3.6800,5.5210,26.0797,10.0000,-5.5210,24.2797,-10.0000
369,3.6900,5.5325,25.9810,10.0000,-5.5325,24.1810,-10.0000
370,3.7000,5.5439,25.8823,10.0000,-5.5439,24.0823,-10.0000
371,3.7100,5.5554,25.7836,10.0000,-5.5554,23.9836,-10.0000
372,3.7200,5.5668,25.6849,10.0000,-5.5668,23.8849,-10.0000
373,3.7300,5.5783,25.5862,10.0000,-5.5783,23.7862,-10.0000
374,3.7400,5.5897,25.4875,10.0000,-5.5897,23.6875,-10.0000
375,3.7500,5.6011,25.3888,10.0000,-5.6011,23.5888,-10.0000
376,3.7600,5.6125,25.2901,10.0000,-5.6125,23.4901,-10.0000
377,3.7700,5.6239,25.1914,10.0000,-5.6239,23.3914,-10.0000
378,3.7800,5.6352,25.0926,10.0000,-5.6352,23.2926,-10.0000
379,3.7900,5.6466,24.9939,10.0000,-5.6466,23.1939,-10.0000
380,3.8000,5.6579,24.8951,10.0000,-5.6579,23.0951,-10.0000
381,3.8100,5.6693,24.7964,10.0000,-5.6693,22.9964,-10.0000
382,3.8200,5.6806,24.6976,10.0000,-5.6806,22.8976,-10.0000
383,3.8300,5.6919,24.5989,10.0000,-5.6919,22.7989,-10.0000
384,3.8400,5.7032,24.5001,10.0000,-5.7032,22.7001,-10.0000
385,3.8500,5.7145,24.4014,10.0000,-5.7145,22.6014,-10.0000
386,3.8600,5.7257,24.3026,10.0000,-5.7257,22.5026,-10.0000
387,3.8700,5.7370,24.2038,10.0000,-5.7370,22.4038,-10.0000
388,3.8800,5.7482,24.1050,10.0000,-5.7482,22.3050,-10.0000
389,3.8900,5.7595,24.0063,10.0000,-5.7595,22.2063,-10.0000
390,3.9000,5.7707,23.9075,10.0000,-5.7707,22.1075,-10.0000
391,3.9100,5.7819,23.8087,10.0000,-5.7819,22.0087,-10.0000
392,3.9200,5.7931,23.7099,10.0000,-5.7931,21.9099,-10.0000
393,3.9300,5.8042,23.6111,10.0000,-5.8042,21.8111,-10.0000
394,3.9400,5.8154,23.5123,10.0000,-5.8154,21.7123,-10.0000
395,3.9500,5.8266,23.4135,10.0000,-5.8266,21.6135,-10.0000
396,3.9600,5.8377,23.3147,10.0000,-5.8377,21.5147,-10.0000
397,3.9700,5.8488,23.2158,10.0000,-5.8488,21.4158,-10.0000
398,3.9800,5.8600,23.1170,10.0000,-5.8600,21.3170,-10.0000
399,3.9900,5.8711,23.0182,10.0000,-5.8711,21.2182,-10.0000
400,4.0000,5.8822,22.9194,10.0000,-5.8822,21.1194,-10.0000
401,4.0100,5.8932,22.8205,10.0000,-5.8932,21.0205,-10.0000
402,4.0200,5.9043,22.7217,10.0000,-5.9043,20.9217,-10.0000
403,4.0300,5.9154,22.6229,10.0000,-5.9154,20.8229,-10.0000
404,4.0400,5.9264,22.5240,10.0000,-5.9264,20.7240,-10.0000
405,4.0500,5.9374,22.4252,10.0000,-5.9374,20.6252,-10.0000
406,4.0600,5.9484,22.3264,10.0000,-5.9484,20.5264,-10.0000
407,4.0700,5.9594,22.2275,10.0000,-5.9594,20.4275,-10.0000
408,4.0800,5.9704,22.1287,10.0000,-5.9704,20.3287,-10.0000
409,4.0900,5.9814,22.0298,10.0000,-5.9814,20.2298,-10.0000
410,4.1000,5.9924,21.9309,10.0000,-5.9924,20.1309,-10.0000
411,4.1100,6.0034,21.8321,10.0000,-6.0034,20.0321,-10.0000
412,4.1200,6.0143,21.7332,10.0000,-6.0143,19.9332,-10.0000
413,4.1300,6.0252,21.6344,10.0000,-6.0252,19.8344,-10.0000
414,4.1400,6.0362,21.5355,10.0000,-6.0362,19.7355,-10.0000
415,4.1500,6.0471,21.4366,10.0000,-6.0471,19.6366,-10.0000
416,4.1600,6.0580,21.3378,10.0000,-6.0580,19.5378,-10.0000
417,4.1700,6.0688,21.2389,10.0000,-6.0688,19.4389,-10.0000
418,4.1800,6.0797,21.1400,10.0000,-6.0797,19.3400,-10.0000
419,4.1900,6.0906,21.0411,10.0000,-6.0906,19.2411,-10.0000
420,4.2000,6.1014,20.9422,10.0000,-6.1014,19.1422,-10.0000
421,4.2100,6.1123,20.8434,10.0000,-6.1123,19.0434,-10.0000
422,4.2200,6.1231,20.7445,10.0000,-6.1231,18.9445,-10.0000
423,4.2300,6.1339,20.6456,10.0000,-6.1339,18.8456,-10.0000
424,4.2400,6.1447,20.5467,10.0000,-6.1447,18.7467,-10.0000
425,4.2500,6.1555,20.4478,10.0000,-6.1555,18.6478,-10.0000
426,4.2600,6.1663,20.3489,10.0000,-6.1663,18.5489,-10.0000
427,4.2700,6.1771,20.2500,10.0000,-6.1771,18.4500,-10.0000
428,4.2800,6.1878,20.1511,10.0000,-6.1878,18.3511,-10.0000
429,4.2900,6.1986,20.0522,10.0000,-6.1986,18.2522,-10.0000
430,4.3000,6.2093,19.9533,10.0000,-6.2093,18.1533,-10.0000
431,4.3100,6.2200,19.8544,10.0000,-6.2200,18.0544,-10.0000
432,4.3200,6.2307,19.7555,10.0000,-6.2307,17.9555,-10.0000
433,4.3300,6.2414,19.6566,10.0000,-6.2414,17.8566,-10.0000
434,4.3400,6.2521,19.5577,10.0000,-6.2521,17.7577,-10.0000
435,4.3500,6.2628,19.4588,10.0000,-6.2628,17.6588,-10.0000
436,4.3600,6.2735,19.3599,10.0000,-6.2735,17.5599,-10.0000
437,4.3700,6.2841,19.2609,10.0000,-6.2841,17.4609,-10.0000
438,4.3800,6.2948,19.1620,10.0000,-6.2948,17.3620,-10.0000
439,4.3900,6.3054,19.0631,10.0000,-6.3054,17.2631,-10.0000
440,4.4000,6.3160,18.9642,10.0000,-6.3160,17.1642,-10.0000
441,4.4100,6.3266,18.8653,10.0000,-6.3266,17.0653,-10.0000
442,4.4200,6.3372,18.7664,10.0000,-6.3372,16.9664,-10.0000
443,4.4300,6.3478,18.6674,10.0000,-6.3478,16.8674,-10.0000
444,4.4400,6.3584,18.5685,10.0000,-6.3584,16.7685,-10.0000
445,4.4500,6.3689,18.4696,10.0000,-6.3689,16.6696,-10.0000
446,4.4600,6.3795,18.3707,10.0000,-6.3795,16.5707,-10.0000
447,4.4700,6.3900,18.2717,10.0000,-6.3900,16.4717,-10.0000
448,4.4800,6.4006,18.1728,10.0000,-6.4006,16.3728,-10.0000
449,4.4900,6.4111,18.0739,10.0000,-6.4111,16.2739,-10.0000
450,4.5000,6.4216,17.9749,10.0000,-6.4216,16.1749,-10.0000
451,4.5100,6.4321,17.8760,10.0000,-6.4321,16.0760,-10.0000
452,4.5200,6.4426,17.7771,10.0000,-6.4426,15.9771,-10.0000
453,4.5300,6.4530,17.6781,10.0000,-6.4530,15.8781,-10.0000
454,4.5400,6.4635,17.5792,10.0000,-6.4635,15.7792,-10.0000
455,4.5500,6.4740,17.4802,10.0000,-6.4740,15.6802,-10.0000
456,4.5600,6.4844,17.3813,10.0000,-6.4844,15.5813,-10.0000
457,4.5700,6.4948,17.2824,10.0000,-6.4948,15.4824,-10.0000
458,4.5800,6.5053,17.1834,10.0000,-6.5053,15.3834,-10.0000
459,4.5900,6.5157,17.0845,10.0000,-6.5157,15.2845,-10.0000
460,4.6000,6.5261,16.9855,10.0000,-6.5261,15.1855,-10.0000
461,4.6100,6.5365,16.8866,10.0000,-6.5365,15.0866,-10.0000
462,4.6200,6.5468,16.7876,10.0000,-6.5468,14.9876,-10.0000
463,4.6300,6.5572,16.6887,10.0000,-6.5572,14.8887,-10.0000
464,4.6400,6.5676,16.5898,10.0000,-6.5676,14.7898,-10.0000
465,4.6500,6.5779,16.4908,10.0000,-6.5779,14.6908,-10.0000
466,4.6600,6.5882,16.3919,10.0000,-6.5882,14.5919,-10.0000
467,4.6700,6.5986,16.2929,10.0000,-6.5986,14.4929,-10.0000
468,4.6800,6.6089,16.1940,10.0000,-6.6089,14.3940,-10.0000
469,4.6900,6.6192,16.0950,10.0000,-6.6192,14.2950,-10.0000
470,4.7000,6.6295,15.9960,10.0000,-6.6295,14.1960,-10.0000
471,4.7100,6.6397,15.8971,10.0000,-6.6397,14.0971,-10.0000
472,4.7200,6.6500,15.7981,10.0000,-6.6500,13.9981,-10.0000
473,4.7300,6.6603,15.6992,10.0000,-6.6603,13.8992,-10.0000
474,4.7400,6.6705,15.6002,10.0000,-6.6705,13.8002,-10.0000
475,4.7500,6.6808,15.5013,10.0000,-6.6808,13.7013,-10.0000
476,4.7600,6.6910,15.4023,10.0000,-6.6910,13.6023,-10.0000
477,4.7700,6.7012,15.3034,10.0000,-6.7012,13.5034,-10.0000
478,4.7800,6.7114,15.2044,10.0000,-6.7114,13.4044,-10.0000
479,4.7900,6.7216,15.1054,10.0000,-6.7216,13.3054,-10.0000
480,4.8000,6.7318,15.0065,10.0000,-6.7318,13.2065,-10.0000
481,4.8100,6.7420,14.9075,10.0000,-6.7420,13.1075,-10.0000
482,4.8200,6.7521,14.8086,10.0000,-6.7521,13.0086,-10.0000
483,4.8300,6.7623,14.7096,10.0000,-6.7623,12.9096,-10.0000
484,4.8400,6.7724,14.6106,10.0000,-6.7724,12.8106,-10.0000
485,4.8500,6.7826,14.5117,10.0000,-6.7826,12.7117,-10.0000
486,4.8600,6.7927,14.4127,10.0000,-6.7927,12.6127,-10.0000
487,4.8700,6.8028,14.3137,10.0000,-6.8028,12.5137,-10.0000
488,4.8800,6.8129,14.2148,10.0000,-6.8129,12.4148,-10.0000
489,4.8900,6.8230,14.1158,10.0000,-6.8230,12.3158,-10.0000
490,4.9000,6.8331,14.0168,10.0000,-6.8331,12.2168,-10.0000
491,4.9100,6.8432,13.9179,10.0000,-6.8432,12.1179,-10.0000
492,4.9200,6.8532,13.8189,10.0000,-6.8532,12.0189,-10.0000
493,4.9300,6.8633,13.7199,10.0000,-6.8633,11.9199,-10.0000
494,4.9400,6.8733,13.6210,10.0000,-6.8733,11.8210,-10.0000
495,4.9500,6.8834,13.5220,10.0000,-6.8834,11.7220,-10.0000
496,4.9600,6.8934,13.4230,10.0000,-6.8934,11.6230,-10.0000
497,4.9700,6.9034,13.3240,10.0000,-6.9034,11.5240,-10.0000
498,4.9800,6.9134,13.2251,10.0000,-6.9134,11.4251,-10.0000
499,4.9900,6.9234,13.1261,10.0000,-6.9234,11.3261,-10.0000
500,5.0000,6.9334,13.0271,10.0000,-6.9334,11.2271,-10.0000
