step,time,pos_x,pos_y,pos_z
1,0.0100,0.0200,99.9990,0.0498
2,0.0200,0.0400,99.9971,0.0993
3,0.0300,0.0601,99.9941,0.1486
4,0.0400,0.0801,99.9902,0.1977
5,0.0500,0.1001,99.9853,0.2466
6,0.0600,0.1202,99.9794,0.2952
7,0.0700,0.1403,99.9726,0.3437
8,0.0800,0.1604,99.9647,0.3919
9,0.0900,0.1804,99.9559,0.4399
10,0.1000,0.2005,99.9461,0.4877
11,0.1100,0.2207,99.9354,0.5353
12,0.1200,0.2408,99.9236,0.5827
13,0.1300,0.2609,99.9110,0.6299
14,0.1400,0.2810,99.8973,0.6769
15,0.1500,0.3012,99.8827,0.7236
16,0.1600,0.3213,99.8671,0.7702
17,0.1700,0.3415,99.8506,0.8166
18,0.1800,0.3617,99.8331,0.8628
19,0.1900,0.3819,99.8146,0.9088
20,0.2000,0.4020,99.7953,0.9546
21,0.2100,0.4222,99.7749,1.0002
22,0.2200,0.4425,99.7537,1.0456
23,0.2300,0.4627,99.7315,1.0908
24,0.2400,0.4829,99.7083,1.1359
25,0.2500,0.5031,99.6843,1.1808
26,0.2600,0.5234,99.6593,1.2254
27,0.2700,0.5437,99.6334,1.2700
28,0.2800,0.5639,99.6065,1.3143
29,0.2900,0.5842,99.5788,1.3584
30,0.3000,0.6045,99.5502,1.4024
31,0.3100,0.6248,99.5207,1.4462
32,0.3200,0.6451,99.4902,1.4899
33,0.3300,0.6654,99.4589,1.5333
34,0.3400,0.6857,99.4267,1.5766
35,0.3500,0.7060,99.3936,1.6197
36,0.3600,0.7264,99.3597,1.6627
37,0.3700,0.7467,99.3249,1.7055
38,0.3800,0.7671,99.2892,1.7481
39,0.3900,0.7874,99.2527,1.7906
40,0.4000,0.8078,99.2153,1.8329
41,0.4100,0.8282,99.1771,1.8751
42,0.4200,0.8486,99.1381,1.9171
43,0.4300,0.8689,99.0982,1.9589
44,0.4400,0.8894,99.0575,2.0006
45,0.4500,0.9098,99.0160,2.0421
46,0.4600,0.9302,98.9736,2.0835
47,0.4700,0.9506,98.9305,2.1247
48,0.4800,0.9711,98.8866,2.1658
49,0.4900,0.9915,98.8419,2.2067
50,0.5000,1.0120,98.7964,2.2475
51,0.5100,1.0324,98.7501,2.2881
52,0.5200,1.0529,98.7031,2.3286
53,0.5300,1.0734,98.6553,2.3689
54,0.5400,1.0938,98.6068,2.4092
55,0.5500,1.1143,98.5575,2.4492
56,0.5600,1.1348,98.5075,2.4891
57,0.5700,1.1554,98.4567,2.5289
58,0.5800,1.1759,98.4052,2.5685
59,0.5900,1.1964,98.3530,2.6081
60,0.6000,1.2169,98.3001,2.6474
61,0.6100,1.2375,98.2465,2.6867
62,0.6200,1.2580,98.1922,2.7258
63,0.6300,1.2786,98.1372,2.7647
64,0.6400,1.2991,98.0816,2.8036
65,0.6500,1.3197,98.0252,2.8423
66,0.6600,1.3403,97.9682,2.8808
67,0.6700,1.3609,97.9106,2.9193
68,0.6800,1.3815,97.8523,2.9576
69,0.6900,1.4021,97.7933,2.9958
70,0.7000,1.4227,97.7338,3.0338
71,0.7100,1.4433,97.6735,3.0718
72,0.7200,1.4639,97.6127,3.1096
73,0.7300,1.4846,97.5513,3.1473
74,0.7400,1.5052,97.4893,3.1849
75,0.7500,1.5259,97.4266,3.2223
76,0.7600,1.5465,97.3634,3.2596
77,0.7700,1.5672,97.2996,3.2969
78,0.7800,1.5878,97.2352,3.3339
79,0.7900,1.6085,97.1703,3.3709
80,0.8000,1.6292,97.1048,3.4078
81,0.8100,1.6499,97.0387,3.4445
82,0.8200,1.6706,96.9721,3.4811
83,0.8300,1.6913,96.9050,3.5177
84,0.8400,1.7120,96.8373,3.5541
85,0.8500,1.7327,96.7691,3.5903
86,0.8600,1.7535,96.7004,3.6265
87,0.8700,1.7742,96.6312,3.6626
88,0.8800,1.7949,96.5615,3.6985
89,0.8900,1.8157,96.4913,3.7344
90,0.9000,1.8364,96.4206,3.7701
91,0.9100,1.8572,96.3494,3.8057
92,0.9200,1.8780,96.2777,3.8413
93,0.9300,1.8988,96.2056,3.8767
94,0.9400,1.9195,96.1330,3.9120
95,0.9500,1.9403,96.0600,3.9472
96,0.9600,1.9611,95.9865,3.9823
97,0.9700,1.9819,95.9126,4.0173
98,0.9800,2.0027,95.8382,4.0522
99,0.9900,2.0236,95.7634,4.0870
100,1.0000,2.0444,95.6882,4.1217
101,1.0100,2.0652,95.6126,4.1563
102,1.0200,2.0860,95.5365,4.1908
103,1.0300,2.1069,95.4601,4.2252
104,1.0400,2.1277,95.3833,4.2595
105,1.0500,2.1486,95.3060,4.2937
106,1.0600,2.1695,95.2284,4.3278
107,1.0700,2.1903,95.1504,4.3618
108,1.0800,2.2112,95.0721,4.3957
109,1.0900,2.2321,94.9933,4.4295
110,1.1000,2.2530,94.9143,4.4632
111,1.1100,2.2739,94.8348,4.4968
112,1.1200,2.2948,94.7550,4.5304
113,1.1300,2.3157,94.6749,4.5638
114,1.1400,2.3366,94.5944,4.5971
115,1.1500,2.3575,94.5136,4.6304
116,1.1600,2.3784,94.4324,4.6636
117,1.1700,2.3994,94.3510,4.6966
118,1.1800,2.4203,94.2692,4.7296
119,1.1900,2.4413,94.1871,4.7625
120,1.2000,2.4622,94.1047,4.7953
121,1.2100,2.4832,94.0220,4.8281
122,1.2200,2.5041,93.9390,4.8607
123,1.2300,2.5251,93.8557,4.8933
124,1.2400,2.5461,93.7721,4.9257
125,1.2500,2.5670,93.6883,4.9581
126,1.2600,2.5880,93.6041,4.9904
127,1.2700,2.6090,93.5197,5.0226
128,1.2800,2.6300,93.4351,5.0547
129,1.2900,2.6510,93.3501,5.0868
130,1.3000,2.6720,93.2649,5.1187
131,1.3100,2.6931,93.1795,5.1506
132,1.3200,2.7141,93.0937,5.1824
133,1.3300,2.7351,93.0078,5.2141
134,1.3400,2.7561,92.9216,5.2457
135,1.3500,2.7772,92.8352,5.2773
136,1.3600,2.7982,92.7485,5.3088
137,1.3700,2.8193,92.6616,5.3402
138,1.3800,2.8403,92.5745,5.3715
139,1.3900,2.8614,92.4871,5.4027
140,1.4000,2.8825,92.3996,5.4339
141,1.4100,2.9035,92.3118,5.4650
142,1.4200,2.9246,92.2238,5.4960
143,1.4300,2.9457,92.1356,5.5269
144,1.4400,2.9668,92.0472,5.5578
145,1.4500,2.9879,91.9586,5.5885
146,1.4600,3.0090,91.8698,5.6192
147,1.4700,3.0301,91.7808,5.6499
148,1.4800,3.0512,91.6916,5.6804
149,1.4900,3.0723,91.6023,5.7109
150,1.5000,3.0935,91.5127,5.7413
151,1.5100,3.1146,91.4230,5.7717
152,1.5200,3.1357,91.3331,5.8019
153,1.5300,3.1569,91.2430,5.8321
154,1.5400,3.1780,91.1528,5.8622
155,1.5500,3.1992,91.0624,5.8923
156,1.5600,3.2203,90.9718,5.9223
157,1.5700,3.2415,90.8811,5.9522
158,1.5800,3.2626,90.7902,5.9820
159,1.5900,3.2838,90.6991,6.0118
160,1.6000,3.3050,90.6079,6.0415
161,1.6100,3.3262,90.5166,6.0711
162,1.6200,3.3474,90.4251,6.1007
163,1.6300,3.3685,90.3335,6.1302
164,1.6400,3.3897,90.2417,6.1597
165,1.6500,3.4109,90.1498,6.1890
166,1.6600,3.4321,90.0577,6.2183
167,1.6700,3.4534,89.9655,6.2476
168,1.6800,3.4746,89.8732,6.2767
169,1.6900,3.4958,89.7808,6.3058
170,1.7000,3.5170,89.6882,6.3349
171,1.7100,3.5383,89.5955,6.3639
172,1.7200,3.5595,89.5027,6.3928
173,1.7300,3.5807,89.4097,6.4216
174,1.7400,3.6020,89.3167,6.4504
175,1.7500,3.6232,89.2235,6.4791
176,1.7600,3.6445,89.1302,6.5078
177,1.7700,3.6658,89.0368,6.5364
178,1.7800,3.6870,88.9433,6.5649
179,1.7900,3.7083,88.8497,6.5934
180,1.8000,3.7296,88.7560,6.6218
181,1.8100,3.7508,88.6622,6.6502
182,1.8200,3.7721,88.5683,6.6785
183,1.8300,3.7934,88.4742,6.7067
184,1.8400,3.8147,88.3801,6.7349
185,1.8500,3.8360,88.2859,6.7630
186,1.8600,3.8573,88.1916,6.7910
187,1.8700,3.8786,88.0972,6.8190
188,1.8800,3.8999,88.0027,6.8470
189,1.8900,3.9213,87.9082,6.8748
190,1.9000,3.9426,87.8135,6.9027
191,1.9100,3.9639,87.7188,6.9304
192,1.9200,3.9852,87.6239,6.9581
193,1.9300,4.0066,87.5290,6.9858
194,1.9400,4.0279,87.4340,7.0134
195,1.9500,4.0492,87.3390,7.0409
196,1.9600,4.0706,87.2438,7.0684
197,1.9700,4.0920,87.1486,7.0958
198,1.9800,4.1133,87.0533,7.1232
199,1.9900,4.1347,86.9579,7.1505
200,2.0000,4.1560,86.8625,7.1778
201,2.0100,4.1774,86.7670,7.2050
202,2.0200,4.1988,86.6714,7.2321
203,2.0300,4.2202,86.5757,7.2592
204,2.0400,4.2415,86.4800,7.2863
205,2.0500,4.2629,86.3843,7.3133
206,2.0600,4.2843,86.2884,7.3402
207,2.0700,4.3057,86.1925,7.3671
208,2.0800,4.3271,86.0965,7.3939
209,2.0900,4.3485,86.0005,7.4207
210,2.1000,4.3699,85.9044,7.4474
211,2.1100,4.3913,85.8083,7.4741
212,2.1200,4.4128,85.7121,7.5008
213,2.1300,4.4342,85.6158,7.5273
214,2.1400,4.4556,85.5195,7.5539
215,2.1500,4.4770,85.4232,7.5803
216,2.1600,4.4985,85.3268,7.6068
217,2.1700,4.5199,85.2303,7.6331
218,2.1800,4.5414,85.1338,7.6595
219,2.1900,4.5628,85.0372,7.6858
220,2.2000,4.5843,84.9406,7.7120
221,2.2100,4.6057,84.8439,7.7382
222,2.2200,4.6272,84.7472,7.7643
223,2.2300,4.6486,84.6505,7.7904
224,2.2400,4.6701,84.5537,7.8164
225,2.2500,4.6916,84.4568,7.8424
226,2.2600,4.7130,84.3599,7.8683
227,2.2700,4.7345,84.2630,7.8942
228,2.2800,4.7560,84.1660,7.9201
229,2.2900,4.7775,84.0690,7.9459
230,2.3000,4.7990,83.9720,7.9716
231,2.3100,4.8205,83.8749,7.9973
232,2.3200,4.8420,83.7778,8.0230
233,2.3300,4.8635,83.6806,8.0486
234,2.3400,4.8850,83.5834,8.0742
235,2.3500,4.9065,83.4862,8.0997
236,2.3600,4.9280,83.3889,8.1252
237,2.3700,4.9495,83.2916,8.1506
238,2.3800,4.9710,83.1942,8.1760
239,2.3900,4.9925,83.0969,8.2013
240,2.4000,5.0141,82.9994,8.2266
241,2.4100,5.0356,82.9020,8.2519
242,2.4200,5.0571,82.8045,8.2771
243,2.4300,5.0787,82.7070,8.3023
244,2.4400,5.1002,82.6095,8.3274
245,2.4500,5.1217,82.5119,8.3525
246,2.4600,5.1433,82.4143,8.3775
247,2.4700,5.1648,82.3167,8.4025
248,2.4800,5.1864,82.2191,8.4275
249,2.4900,5.2080,82.1214,8.4524
250,2.5000,5.2295,82.0237,8.4773
251,2.5100,5.2511,81.9260,8.5021
252,2.5200,5.2727,81.8282,8.5269
253,2.5300,5.2942,81.7304,8.5516
254,2.5400,5.3158,81.6326,8.5763
255,2.5500,5.3374,81.5348,8.6010
256,2.5600,5.3590,81.4369,8.6256
257,2.5700,5.3806,81.3390,8.6502
258,2.5800,5.4021,81.2411,8.6747
259,2.5900,5.4237,81.1432,8.6992
260,2.6000,5.4453,81.0453,8.7237
261,2.6100,5.4669,80.9473,8.7481
262,2.6200,5.4885,80.8493,8.7725
263,2.6300,5.5101,80.7513,8.7968
264,2.6400,5.5318,80.6533,8.8211
265,2.6500,5.5534,80.5552,8.8454
266,2.6600,5.5750,80.4572,8.8696
267,2.6700,5.5966,80.3591,8.8938
268,2.6800,5.6182,80.2610,8.9179
269,2.6900,5.6399,80.1628,8.9421
270,2.7000,5.6615,80.0647,8.9661
271,2.7100,5.6831,79.9665,8.9902
272,2.7200,5.7048,79.8684,9.0142
273,2.7300,5.7264,79.7702,9.0381
274,2.7400,5.7480,79.6719,9.0620
275,2.7500,5.7697,79.5737,9.0859
276,2.7600,5.7913,79.4755,9.1098
277,2.7700,5.8130,79.3772,9.1336
278,2.7800,5.8346,79.2789,9.1573
279,2.7900,5.8563,79.1806,9.1811
280,2.8000,5.8780,79.0823,9.2048
281,2.8100,5.8996,78.9840,9.2284
282,2.8200,5.9213,78.8857,9.2521
283,2.8300,5.9430,78.7873,9.2757
284,2.8400,5.9646,78.6890,9.2992
285,2.8500,5.9863,78.5906,9.3227
286,2.8600,6.0080,78.4922,9.3462
287,2.8700,6.0297,78.3938,9.3697
288,2.8800,6.0514,78.2954,9.3931
289,2.8900,6.0730,78.1969,9.4165
290,2.9000,6.0947,78.0985,9.4398
291,2.9100,6.1164,78.0000,9.4631
292,2.9200,6.1381,77.9016,9.4864
293,2.9300,6.1598,77.8031,9.5096
294,2.9400,6.1815,77.7046,9.5328
295,2.9500,6.2032,77.6061,9.5560
296,2.9600,6.2249,77.5076,9.5792
297,2.9700,6.2467,77.4091,9.6023
298,2.9800,6.2684,77.3106,9.6253
299,2.9900,6.2901,77.2120,9.6484
300,3.0000,6.3118,77.1135,9.6714
301,3.0100,6.3335,77.0149,9.6944
302,3.0200,6.3553,76.9163,9.7173
303,3.0300,6.3770,76.8178,9.7402
304,3.0400,6.3987,76.7192,9.7631
305,3.0500,6.4205,76.6206,9.7859
306,3.0600,6.4422,76.5220,9.8087
307,3.0700,6.4639,76.4234,9.8315
308,3.0800,6.4857,76.3247,9.8543
309,3.0900,6.5074,76.2261,9.8770
310,3.1000,6.5292,76.1275,9.8997
311,3.1100,6.5509,76.0288,9.9223
312,3.1200,6.5727,75.9302,9.9450
313,3.1300,6.5944,75.8315,9.9675
314,3.1400,6.6162,75.7328,9.9901
315,3.1500,6.6379,75.6342,10.0126
316,3.1600,6.6597,75.5355,10.0351
317,3.1700,6.6815,75.4368,10.0576
318,3.1800,6.7032,75.3381,10.0800
319,3.1900,6.7250,75.2394,10.1024
320,3.2000,6.7468,75.1407,10.1248
321,3.2100,6.7686,75.0419,10.1472
322,3.2200,6.7904,74.9432,10.1695
323,3.2300,6.8121,74.8445,10.1918
324,3.2400,6.8339,74.7457,10.2140
325,3.2500,6.8557,74.6470,10.2362
326,3.2600,6.8775,74.5482,10.2584
327,3.2700,6.8993,74.4495,10.2806
328,3.2800,6.9211,74.3507,10.3028
329,3.2900,6.9429,74.2520,10.3249
330,3.3000,6.9647,74.1532,10.3469
331,3.3100,6.9865,74.0544,10.3690
332,3.3200,7.0083,73.9556,10.3910
333,3.3300,7.0301,73.8568,10.4130
334,3.3400,7.0519,73.7580,10.4350
335,3.3500,7.0737,73.6592,10.4569
336,3.3600,7.0955,73.5604,10.4788
337,3.3700,7.1173,73.4616,10.5007
338,3.3800,7.1392,73.3628,10.5226
339,3.3900,7.1610,73.2640,10.5444
340,3.4000,7.1828,73.1652,10.5662
341,3.4100,7.2046,73.0663,10.5880
342,3.4200,7.2265,72.9675,10.6097
343,3.4300,7.2483,72.8687,10.6314
344,3.4400,7.2701,72.7698,10.6531
345,3.4500,7.2920,72.6710,10.6748
346,3.4600,7.3138,72.5721,10.6964
347,3.4700,7.3356,72.4733,10.7180
348,3.4800,7.3575,72.3744,10.7396
349,3.4900,7.3793,72.2756,10.7612
350,3.5000,7.4012,72.1767,10.7827
351,3.5100,7.4230,72.0779,10.8042
352,3.5200,7.4449,71.9790,10.8257
353,3.5300,7.4667,71.8801,10.8471
354,3.5400,7.4886,71.7812,10.8686
355,3.5500,7.5105,71.6823,10.8900
356,3.5600,7.5323,71.5835,10.9113
357,3.5700,7.5542,71.4846,10.9327
358,3.5800,7.5760,71.3857,10.9540
359,3.5900,7.5979,71.2868,10.9753
360,3.6000,7.6198,71.1879,10.9966
361,3.6100,7.6417,71.0890,11.0178
362,3.6200,7.6635,70.9901,11.0390
363,3.6300,7.6854,70.8912,11.0602
364,3.6400,7.7073,70.7923,11.0814
365,3.6500,7.7292,70.6934,11.1026
366,3.6600,7.7510,70.5945,11.1237
367,3.6700,7.7729,70.4955,11.1448
368,3.6800,7.7948,70.3966,11.1658
369,3.6900,7.8167,70.2977,11.1869
370,3.7000,7.8386,70.1988,11.2079
371,3.7100,7.8605,70.0999,11.2289
372,3.7200,7.8824,70.0009,11.2499
373,3.7300,7.9043,69.9020,11.2708
374,3.7400,7.9262,69.8031,11.2918
375,3.7500,7.9481,69.7041,11.3127
376,3.7600,7.9700,69.6052,11.3335
377,3.7700,7.9919,69.5063,11.3544
378,3.7800,8.0138,69.4073,11.3752
379,3.7900,8.0357,69.3084,11.3960
380,3.8000,8.0576,69.2094,11.4168
381,3.8100,8.0795,69.1105,11.4376
382,3.8200,8.1014,69.0115,11.4583
383,3.8300,8.1234,68.9126,11.4791
384,3.8400,8.1453,68.8136,11.4997
385,3.8500,8.1672,68.7147,11.5204
386,3.8600,8.1891,68.6157,11.5411
387,3.8700,8.2111,68.5168,11.5617
388,3.8800,8.2330,68.4178,11.5823
389,3.8900,8.2549,68.3188,11.6029
390,3.9000,8.2768,68.2199,11.6234
391,3.9100,8.2988,68.1209,11.6440
392,3.9200,8.3207,68.0219,11.6645
393,3.9300,8.3426,67.9230,11.6850
394,3.9400,8.3646,67.8240,11.7054
395,3.9500,8.3865,67.7250,11.7259
396,3.9600,8.4085,67.6261,11.7463
397,3.9700,8.4304,67.5271,11.7667
398,3.9800,8.4524,67.4281,11.7871
399,3.9900,8.4743,67.3291,11.8075
400,4.0000,8.4963,67.2302,11.8278
401,4.0100,8.5182,67.1312,11.8481
402,4.0200,8.5402,67.0322,11.8684
403,4.0300,8.5621,66.9332,11.8887
404,4.0400,8.5841,66.8342,11.9090
405,4.0500,8.6060,66.7352,11.9292
406,4.0600,8.6280,66.6363,11.9494
407,4.0700,8.6499,66.5373,11.9696
408,4.0800,8.6719,66.4383,11.9898
409,4.0900,8.6939,66.3393,12.0099
410,4.1000,8.7158,66.2403,12.0300
411,4.1100,8.7378,66.1413,12.0502
412,4.1200,8.7598,66.0423,12.0702
413,4.1300,8.7818,65.9433,12.0903
414,4.1400,8.8037,65.8443,12.1104
415,4.1500,8.8257,65.7453,12.1304
416,4.1600,8.8477,65.6463,12.1504
417,4.1700,8.8697,65.5473,12.1704
418,4.1800,8.8916,65.4483,12.1904
419,4.1900,8.9136,65.3493,12.2103
420,4.2000,8.9356,65.2503,12.2302
421,4.2100,8.9576,65.1513,12.2501
422,4.2200,8.9796,65.0523,12.2700
423,4.2300,9.0016,64.9533,12.2899
424,4.2400,9.0236,64.8543,12.3097
425,4.2500,9.0456,64.7553,12.3296
426,4.2600,9.0676,64.6563,12.3494
427,4.2700,9.0896,64.5573,12.3692
428,4.2800,9.1115,64.4583,12.3890
429,4.2900,9.1335,64.3593,12.4087
430,4.3000,9.1555,64.2603,12.4284
431,4.3100,9.1776,64.1613,12.4482
432,4.3200,9.1996,64.0623,12.4679
433,4.3300,9.2216,63.9633,12.4875
434,4.3400,9.2436,63.8643,12.5072
435,4.3500,9.2656,63.7652,12.5268
436,4.3600,9.2876,63.6662,12.5465
437,4.3700,9.3096,63.5672,12.5661
438,4.3800,9.3316,63.4682,12.5856
439,4.3900,9.3536,63.3692,12.6052
440,4.4000,9.3756,63.2702,12.6248
441,4.4100,9.3977,63.1712,12.6443
442,4.4200,9.4197,63.0721,12.6638
443,4.4300,9.4417,62.9731,12.6833
444,4.4400,9.4637,62.8741,12.7028
445,4.4500,9.4857,62.7751,12.7222
446,4.4600,9.5078,62.6761,12.7417
447,4.4700,9.5298,62.5770,12.7611
448,4.4800,9.5518,62.4780,12.7805
449,4.4900,9.5739,62.3790,12.7999
450,4.5000,9.5959,62.2800,12.8193
451,4.5100,9.6179,62.1810,12.8386
452,4.5200,9.6400,62.0819,12.8579
453,4.5300,9.6620,61.9829,12.8773
454,4.5400,9.6840,61.8839,12.8966
455,4.5500,9.7061,61.7849,12.9158
456,4.5600,9.7281,61.6859,12.9351
457,4.5700,9.7502,61.5868,12.9544
458,4.5800,9.7722,61.4878,12.9736
459,4.5900,9.7942,61.3888,12.9928
460,4.6000,9.8163,61.2898,13.0120
461,4.6100,9.8383,61.1907,13.0312
462,4.6200,9.8604,61.0917,13.0503
463,4.6300,9.8824,60.9927,13.0695
464,4.6400,9.9045,60.8936,13.0886
465,4.6500,9.9265,60.7946,13.1077
466,4.6600,9.9486,60.6956,13.1268
467,4.6700,9.9706,60.5966,13.1459
468,4.6800,9.9927,60.4975,13.1650
469,4.6900,10.0148,60.3985,13.1840
470,4.7000,10.0368,60.2995,13.2031
471,4.7100,10.0589,60.2005,13.2221
472,4.7200,10.0809,60.1014,13.2411
473,4.7300,10.1030,60.0024,13.2600
474,4.7400,10.1251,59.9034,13.2790
475,4.7500,10.1471,59.8043,13.2980
476,4.7600,10.1692,59.7053,13.3169
477,4.7700,10.1913,59.6063,13.3358
478,4.7800,10.2133,59.5072,13.3547
479,4.7900,10.2354,59.4082,13.3736
480,4.8000,10.2575,59.3092,13.3925
481,4.8100,10.2796,59.2101,13.4113
482,4.8200,10.3016,59.1111,13.4302
483,4.8300,10.3237,59.0121,13.4490
484,4.8400,10.3458,58.9130,13.4678
485,4.8500,10.3679,58.8140,13.4866
486,4.8600,10.3899,58.7150,13.5054
487,4.8700,10.4120,58.6159,13.5242
488,4.8800,10.4341,58.5169,13.5429
489,4.8900,10.4562,58.4179,13.5616
490,4.9000,10.4783,58.3188,13.5804
491,4.9100,10.5004,58.2198,13.5991
492,4.9200,10.5225,58.1208,13.6178
493,4.9300,10.5445,58.0217,13.6364
494,4.9400,10.5666,57.9227,13.6551
495,4.9500,10.5887,57.8237,13.6737
496,4.9600,10.6108,57.7246,13.6924
497,4.9700,10.6329,57.6256,13.7110
498,4.9800,10.6550,57.5266,13.7296
499,4.9900,10.6771,57.4275,13.7482
500,5.0000,10.6992,57.3285,13.7667
501,5.0100,10.7213,57.2294,13.7853
502,5.0200,10.7434,57.1304,13.8038
503,5.0300,10.7655,57.0314,13.8224
504,5.0400,10.7876,56.9323,13.8409
505,5.0500,10.8097,56.8333,13.8594
506,5.0600,10.8318,56.7343,13.8779
507,5.0700,10.8539,56.6352,13.8963
508,5.0800,10.8760,56.5362,13.9148
509,5.0900,10.8981,56.4372,13.9332
510,5.1000,10.9202,56.3381,13.9516
511,5.1100,10.9423,56.2391,13.9701
512,5.1200,10.9645,56.1400,13.9885
513,5.1300,10.9866,56.0410,14.0069
514,5.1400,11.0087,55.9420,14.0252
515,5.1500,11.0308,55.8429,14.0436
516,5.1600,11.0529,55.7439,14.0619
517,5.1700,11.0750,55.6448,14.0803
518,5.1800,11.0971,55.5458,14.0986
519,5.1900,11.1193,55.4468,14.1169
520,5.2000,11.1414,55.3477,14.1352
521,5.2100,11.1635,55.2487,14.1535
522,5.2200,11.1856,55.1496,14.1717
523,5.2300,11.2077,55.0506,14.1900
524,5.2400,11.2299,54.9516,14.2082
525,5.2500,11.2520,54.8525,14.2264
526,5.2600,11.2741,54.7535,14.2446
527,5.2700,11.2962,54.6544,14.2628
528,5.2800,11.3184,54.5554,14.2810
529,5.2900,11.3405,54.4564,14.2992
530,5.3000,11.3626,54.3573,14.3174
531,5.3100,11.3848,54.2583,14.3355
532,5.3200,11.4069,54.1592,14.3536
533,5.3300,11.4290,54.0602,14.3718
534,5.3400,11.4512,53.9612,14.3899
535,5.3500,11.4733,53.8621,14.4080
536,5.3600,11.4954,53.7631,14.4260
537,5.3700,11.5176,53.6640,14.4441
538,5.3800,11.5397,53.5650,14.4622
539,5.3900,11.5619,53.4660,14.4802
540,5.4000,11.5840,53.3669,14.4982
541,5.4100,11.6061,53.2679,14.5163
542,5.4200,11.6283,53.1688,14.5343
543,5.4300,11.6504,53.0698,14.5523
544,5.4400,11.6726,52.9707,14.5702
545,5.4500,11.6947,52.8717,14.5882
546,5.4600,11.7169,52.7727,14.6062
547,5.4700,11.7390,52.6736,14.6241
548,5.4800,11.7611,52.5746,14.6420
549,5.4900,11.7833,52.4755,14.6600
550,5.5000,11.8054,52.3765,14.6779
551,5.5100,11.8276,52.2775,14.6958
552,5.5200,11.8498,52.1784,14.7136
553,5.5300,11.8719,52.0794,14.7315
554,5.5400,11.8941,51.9803,14.7494
555,5.5500,11.9162,51.8813,14.7672
556,5.5600,11.9384,51.7822,14.7851
557,5.5700,11.9605,51.6832,14.8029
558,5.5800,11.9827,51.5842,14.8207
559,5.5900,12.0048,51.4851,14.8385
560,5.6000,12.0270,51.3861,14.8563
561,5.6100,12.0492,51.2870,14.8741
562,5.6200,12.0713,51.1880,14.8918
563,5.6300,12.0935,51.0889,14.9096
564,5.6400,12.1156,50.9899,14.9273
565,5.6500,12.1378,50.8909,14.9451
566,5.6600,12.1600,50.7918,14.9628
567,5.6700,12.1821,50.6928,14.9805
568,5.6800,12.2043,50.5937,14.9982
569,5.6900,12.2265,50.4947,15.0159
570,5.7000,12.2486,50.3956,15.0335
571,5.7100,12.2708,50.2966,15.0512
572,5.7200,12.2930,50.1976,15.0689
573,5.7300,12.3151,50.0985,15.0865
574,5.7400,12.3373,49.9995,15.1041
575,5.7500,12.3595,49.9004,15.1217
576,5.7600,12.3817,49.8014,15.1394
577,5.7700,12.4038,49.7023,15.1570
578,5.7800,12.4260,49.6033,15.1745
579,5.7900,12.4482,49.5043,15.1921
580,5.8000,12.4704,49.4052,15.2097
581,5.8100,12.4925,49.3062,15.2272
582,5.8200,12.5147,49.2071,15.2448
583,5.8300,12.5369,49.1081,15.2623
584,5.8400,12.5591,49.0090,15.2798
585,5.8500,12.5813,48.9100,15.2973
586,5.8600,12.6034,48.8109,15.3148
587,5.8700,12.6256,48.7119,15.3323
588,5.8800,12.6478,48.6129,15.3498
589,5.8900,12.6700,48.5138,15.3673
590,5.9000,12.6922,48.4148,15.3847
591,5.9100,12.7144,48.3157,15.4022
592,5.9200,12.7365,48.2167,15.4196
593,5.9300,12.7587,48.1176,15.4370
594,5.9400,12.7809,48.0186,15.4544
595,5.9500,12.8031,47.9196,15.4719
596,5.9600,12.8253,47.8205,15.4892
597,5.9700,12.8475,47.7215,15.5066
598,5.9800,12.8697,47.6224,15.5240
599,5.9900,12.8919,47.5234,15.5414
600,6.0000,12.9141,47.4243,15.5587
601,6.0100,12.9362,47.3253,15.5761
602,6.0200,12.9584,47.2262,15.5934
603,6.0300,12.9806,47.1272,15.6107
604,6.0400,13.0028,47.0282,15.6280
605,6.0500,13.0250,46.9291,15.6453
606,6.0600,13.0472,46.8301,15.6626
607,6.0700,13.0694,46.7310,15.6799
608,6.0800,13.0916,46.6320,15.6972
609,6.0900,13.1138,46.5329,15.7145
610,6.1000,13.1360,46.4339,15.7317
611,6.1100,13.1582,46.3348,15.7490
612,6.1200,13.1804,46.2358,15.7662
613,6.1300,13.2026,46.1368,15.7834
614,6.1400,13.2248,46.0377,15.8006
615,6.1500,13.2470,45.9387,15.8178
616,6.1600,13.2692,45.8396,15.8350
617,6.1700,13.2914,45.7406,15.8522
618,6.1800,13.3136,45.6415,15.8694
619,6.1900,13.3358,45.5425,15.8866
620,6.2000,13.3580,45.4434,15.9037
621,6.2100,13.3803,45.3444,15.9209
622,6.2200,13.4025,45.2454,15.9380
623,6.2300,13.4247,45.1463,15.9551
624,6.2400,13.4469,45.0473,15.9723
625,6.2500,13.4691,44.9482,15.9894
626,6.2600,13.4913,44.8492,16.0065
627,6.2700,13.5135,44.7501,16.0236
628,6.2800,13.5357,44.6511,16.0407
629,6.2900,13.5579,44.5520,16.0577
630,6.3000,13.5801,44.4530,16.0748
631,6.3100,13.6024,44.3539,16.0918
632,6.3200,13.6246,44.2549,16.1089
633,6.3300,13.6468,44.1559,16.1259
634,6.3400,13.6690,44.0568,16.1430
635,6.3500,13.6912,43.9578,16.1600
636,6.3600,13.7134,43.8587,16.1770
637,6.3700,13.7357,43.7597,16.1940
638,6.3800,13.7579,43.6606,16.2110
639,6.3900,13.7801,43.5616,16.2280
640,6.4000,13.8023,43.4625,16.2449
641,6.4100,13.8245,43.3635,16.2619
642,6.4200,13.8468,43.2645,16.2789
643,6.4300,13.8690,43.1654,16.2958
644,6.4400,13.8912,43.0664,16.3128
645,6.4500,13.9134,42.9673,16.3297
646,6.4600,13.9356,42.8683,16.3466
647,6.4700,13.9579,42.7692,16.3635
648,6.4800,13.9801,42.6702,16.3804
649,6.4900,14.0023,42.5711,16.3973
650,6.5000,14.0245,42.4721,16.4142
651,6.5100,14.0468,42.3731,16.4311
652,6.5200,14.0690,42.2740,16.4480
653,6.5300,14.0912,42.1750,16.4648
654,6.5400,14.1135,42.0759,16.4817
655,6.5500,14.1357,41.9769,16.4985
656,6.5600,14.1579,41.8778,16.5154
657,6.5700,14.1801,41.7788,16.5322
658,6.5800,14.2024,41.6797,16.5490
659,6.5900,14.2246,41.5807,16.5658
660,6.6000,14.2468,41.4816,16.5826
661,6.6100,14.2691,41.3826,16.5994
662,6.6200,14.2913,41.2836,16.6162
663,6.6300,14.3135,41.1845,16.6330
664,6.6400,14.3358,41.0855,16.6498
665,6.6500,14.3580,40.9864,16.6665
666,6.6600,14.3802,40.8874,16.6833
667,6.6700,14.4025,40.7883,16.7000
668,6.6800,14.4247,40.6893,16.7168
669,6.6900,14.4469,40.5902,16.7335
670,6.7000,14.4692,40.4912,16.7502
671,6.7100,14.4914,40.3921,16.7670
672,6.7200,14.5137,40.2931,16.7837
673,6.7300,14.5359,40.1941,16.8004
674,6.7400,14.5581,40.0950,16.8171
675,6.7500,14.5804,39.9960,16.8337
676,6.7600,14.6026,39.8969,16.8504
677,6.7700,14.6249,39.7979,16.8671
678,6.7800,14.6471,39.6988,16.8837
679,6.7900,14.6693,39.5998,16.9004
680,6.8000,14.6916,39.5007,16.9170
681,6.8100,14.7138,39.4017,16.9337
682,6.8200,14.7361,39.3027,16.9503
683,6.8300,14.7583,39.2036,16.9669
684,6.8400,14.7806,39.1046,16.9835
685,6.8500,14.8028,39.0055,17.0002
686,6.8600,14.8251,38.9065,17.0168
687,6.8700,14.8473,38.8074,17.0333
688,6.8800,14.8695,38.7084,17.0499
689,6.8900,14.8918,38.6093,17.0665
690,6.9000,14.9140,38.5103,17.0831
691,6.9100,14.9363,38.4112,17.0996
692,6.9200,14.9585,38.3122,17.1162
693,6.9300,14.9808,38.2132,17.1327
694,6.9400,15.0030,38.1141,17.1493
695,6.9500,15.0253,38.0151,17.1658
696,6.9600,15.0475,37.9160,17.1823
697,6.9700,15.0698,37.8170,17.1988
698,6.9800,15.0920,37.7179,17.2154
699,6.9900,15.1143,37.6189,17.2319
700,7.0000,15.1365,37.5198,17.2484
701,7.0100,15.1588,37.4208,17.2648
702,7.0200,15.1811,37.3217,17.2813
703,7.0300,15.2033,37.2227,17.2978
704,7.0400,15.2256,37.1237,17.3143
705,7.0500,15.2478,37.0246,17.3307
706,7.0600,15.2701,36.9256,17.3472
707,7.0700,15.2923,36.8265,17.3636
708,7.0800,15.3146,36.7275,17.3801
709,7.0900,15.3368,36.6284,17.3965
710,7.1000,15.3591,36.5294,17.4129
711,7.1100,15.3814,36.4303,17.4293
712,7.1200,15.4036,36.3313,17.4457
713,7.1300,15.4259,36.2322,17.4622
714,7.1400,15.4481,36.1332,17.4785
715,7.1500,15.4704,36.0342,17.4949
716,7.1600,15.4927,35.9351,17.5113
717,7.1700,15.5149,35.8361,17.5277
718,7.1800,15.5372,35.7370,17.5441
719,7.1900,15.5594,35.6380,17.5604
720,7.2000,15.5817,35.5389,17.5768
721,7.2100,15.6040,35.4399,17.5931
722,7.2200,15.6262,35.3408,17.6095
723,7.2300,15.6485,35.2418,17.6258
724,7.2400,15.6708,35.1428,17.6421
725,7.2500,15.6930,35.0437,17.6585
726,7.2600,15.7153,34.9447,17.6748
727,7.2700,15.7375,34.8456,17.6911
728,7.2800,15.7598,34.7466,17.7074
729,7.2900,15.7821,34.6475,17.7237
730,7.3000,15.8043,34.5485,17.7400
731,7.3100,15.8266,34.4494,17.7563
732,7.3200,15.8489,34.3504,17.7725
733,7.3300,15.8711,34.2513,17.7888
734,7.3400,15.8934,34.1523,17.8051
735,7.3500,15.9157,34.0533,17.8213
736,7.3600,15.9380,33.9542,17.8376
737,7.3700,15.9602,33.8552,17.8538
738,7.3800,15.9825,33.7561,17.8701
739,7.3900,16.0048,33.6571,17.8863
740,7.4000,16.0270,33.5580,17.9025
741,7.4100,16.0493,33.4590,17.9187
742,7.4200,16.0716,33.3599,17.9349
743,7.4300,16.0938,33.2609,17.9512
744,7.4400,16.1161,33.1618,17.9673
745,7.4500,16.1384,33.0628,17.9835
746,7.4600,16.1607,32.9638,17.9997
747,7.4700,16.1829,32.8647,18.0159
748,7.4800,16.2052,32.7657,18.0321
749,7.4900,16.2275,32.6666,18.0483
750,7.5000,16.2498,32.5676,18.0644
751,7.5100,16.2720,32.4685,18.0806
752,7.5200,16.2943,32.3695,18.0967
753,7.5300,16.3166,32.2704,18.1129
754,7.5400,16.3389,32.1714,18.1290
755,7.5500,16.3611,32.0723,18.1451
756,7.5600,16.3834,31.9733,18.1613
757,7.5700,16.4057,31.8743,18.1774
758,7.5800,16.4280,31.7752,18.1935
759,7.5900,16.4502,31.6762,18.2096
760,7.6000,16.4725,31.5771,18.2257
761,7.6100,16.4948,31.4781,18.2418
762,7.6200,16.5171,31.3790,18.2579
763,7.6300,16.5394,31.2800,18.2740
764,7.6400,16.5616,31.1809,18.2901
765,7.6500,16.5839,31.0819,18.3061
766,7.6600,16.6062,30.9828,18.3222
767,7.6700,16.6285,30.8838,18.3383
768,7.6800,16.6508,30.7848,18.3543
769,7.6900,16.6730,30.6857,18.3704
770,7.7000,16.6953,30.5867,18.3864
771,7.7100,16.7176,30.4876,18.4024
772,7.7200,16.7399,30.3886,18.4185
773,7.7300,16.7622,30.2895,18.4345
774,7.7400,16.7845,30.1905,18.4505
775,7.7500,16.8067,30.0914,18.4665
776,7.7600,16.8290,29.9924,18.4826
777,7.7700,16.8513,29.8933,18.4986
778,7.7800,16.8736,29.7943,18.5146
779,7.7900,16.8959,29.6953,18.5305
780,7.8000,16.9182,29.5962,18.5465
781,7.8100,16.9404,29.4972,18.5625
782,7.8200,16.9627,29.3981,18.5785
783,7.8300,16.9850,29.2991,18.5945
784,7.8400,17.0073,29.2000,18.6104
785,7.8500,17.0296,29.1010,18.6264
786,7.8600,17.0519,29.0019,18.6423
787,7.8700,17.0742,28.9029,18.6583
788,7.8800,17.0965,28.8038,18.6742
789,7.8900,17.1187,28.7048,18.6902
790,7.9000,17.1410,28.6058,18.7061
791,7.9100,17.1633,28.5067,18.7220
792,7.9200,17.1856,28.4077,18.7380
793,7.9300,17.2079,28.3086,18.7539
794,7.9400,17.2302,28.2096,18.7698
795,7.9500,17.2525,28.1105,18.7857
796,7.9600,17.2748,28.0115,18.8016
797,7.9700,17.2971,27.9124,18.8175
798,7.9800,17.3194,27.8134,18.8334
799,7.9900,17.3416,27.7143,18.8493
800,8.0000,17.3639,27.6153,18.8651
801,8.0100,17.3862,27.5163,18.8810
802,8.0200,17.4085,27.4172,18.8969
803,8.0300,17.4308,27.3182,18.9127
804,8.0400,17.4531,27.2191,18.9286
805,8.0500,17.4754,27.1201,18.9445
806,8.0600,17.4977,27.0210,18.9603
807,8.0700,17.5200,26.9220,18.9761
808,8.0800,17.5423,26.8229,18.9920
809,8.0900,17.5646,26.7239,19.0078
810,8.1000,17.5869,26.6248,19.0236
811,8.1100,17.6092,26.5258,19.0395
812,8.1200,17.6315,26.4268,19.0553
813,8.1300,17.6538,26.3277,19.0711
814,8.1400,17.6760,26.2287,19.0869
815,8.1500,17.6983,26.1296,19.1027
816,8.1600,17.7206,26.0306,19.1185
817,8.1700,17.7429,25.9315,19.1343
818,8.1800,17.7652,25.8325,19.1501
819,8.1900,17.7875,25.7334,19.1659
820,8.2000,17.8098,25.6344,19.1816
821,8.2100,17.8321,25.5353,19.1974
822,8.2200,17.8544,25.4363,19.2132
823,8.2300,17.8767,25.3373,19.2290
824,8.2400,17.8990,25.2382,19.2447
825,8.2500,17.9213,25.1392,19.2605
826,8.2600,17.9436,25.0401,19.2762
827,8.2700,17.9659,24.9411,19.2920
828,8.2800,17.9882,24.8420,19.3077
829,8.2900,18.0105,24.7430,19.3234
830,8.3000,18.0328,24.6439,19.3392
831,8.3100,18.0551,24.5449,19.3549
832,8.3200,18.0774,24.4458,19.3706
833,8.3300,18.0997,24.3468,19.3863
834,8.3400,18.1220,24.2478,19.4020
835,8.3500,18.1443,24.1487,19.4177
836,8.3600,18.1666,24.0497,19.4334
837,8.3700,18.1889,23.9506,19.4491
838,8.3800,18.2112,23.8516,19.4648
839,8.3900,18.2335,23.7525,19.4805
840,8.4000,18.2558,23.6535,19.4962
841,8.4100,18.2781,23.5544,19.5119
842,8.4200,18.3004,23.4554,19.5276
843,8.4300,18.3228,23.3563,19.5432
844,8.4400,18.3451,23.2573,19.5589
845,8.4500,18.3674,23.1583,19.5745
846,8.4600,18.3897,23.0592,19.5902
847,8.4700,18.4120,22.9602,19.6059
848,8.4800,18.4343,22.8611,19.6215
849,8.4900,18.4566,22.7621,19.6371
850,8.5000,18.4789,22.6630,19.6528
851,8.5100,18.5012,22.5640,19.6684
852,8.5200,18.5235,22.4649,19.6840
853,8.5300,18.5458,22.3659,19.6997
854,8.5400,18.5681,22.2668,19.7153
855,8.5500,18.5904,22.1678,19.7309
856,8.5600,18.6127,22.0688,19.7465
857,8.5700,18.6350,21.9697,19.7621
858,8.5800,18.6573,21.8707,19.7777
859,8.5900,18.6796,21.7716,19.7933
860,8.6000,18.7020,21.6726,19.8089
861,8.6100,18.7243,21.5735,19.8245
862,8.6200,18.7466,21.4745,19.8401
863,8.6300,18.7689,21.3754,19.8557
864,8.6400,18.7912,21.2764,19.8712
865,8.6500,18.8135,21.1773,19.8868
866,8.6600,18.8358,21.0783,19.9024
867,8.6700,18.8581,20.9793,19.9180
868,8.6800,18.8804,20.8802,19.9335
869,8.6900,18.9027,20.7812,19.9491
870,8.7000,18.9250,20.6821,19.9646
871,8.7100,18.9474,20.5831,19.9802
872,8.7200,18.9697,20.4840,19.9957
873,8.7300,18.9920,20.3850,20.0112
874,8.7400,19.0143,20.2859,20.0268
875,8.7500,19.0366,20.1869,20.0423
876,8.7600,19.0589,20.0878,20.0578
877,8.7700,19.0812,19.9888,20.0734
878,8.7800,19.1035,19.8898,20.0889
879,8.7900,19.1258,19.7907,20.1044
880,8.8000,19.1482,19.6917,20.1199
881,8.8100,19.1705,19.5926,20.1354
882,8.8200,19.1928,19.4936,20.1509
883,8.8300,19.2151,19.3945,20.1664
884,8.8400,19.2374,19.2955,20.1819
885,8.8500,19.2597,19.1964,20.1974
886,8.8600,19.2820,19.0974,20.2129
887,8.8700,19.3044,18.9983,20.2284
888,8.8800,19.3267,18.8993,20.2438
889,8.8900,19.3490,18.8003,20.2593
890,8.9000,19.3713,18.7012,20.2748
891,8.9100,19.3936,18.6022,20.2903
892,8.9200,19.4159,18.5031,20.3057
893,8.9300,19.4382,18.4041,20.3212
894,8.9400,19.4606,18.3050,20.3366
895,8.9500,19.4829,18.2060,20.3521
896,8.9600,19.5052,18.1069,20.3675
897,8.9700,19.5275,18.0079,20.3830
898,8.9800,19.5498,17.9088,20.3984
899,8.9900,19.5721,17.8098,20.4138
900,9.0000,19.5945,17.7108,20.4293
901,9.0100,19.6168,17.6117,20.4447
902,9.0200,19.6391,17.5127,20.4601
903,9.0300,19.6614,17.4136,20.4755
904,9.0400,19.6837,17.3146,20.4910
905,9.0500,19.7060,17.2155,20.5064
906,9.0600,19.7284,17.1165,20.5218
907,9.0700,19.7507,17.0174,20.5372
908,9.0800,19.7730,16.9184,20.5526
909,9.0900,19.7953,16.8193,20.5680
910,9.1000,19.8176,16.7203,20.5834
911,9.1100,19.8399,16.6213,20.5988
912,9.1200,19.8623,16.5222,20.6142
913,9.1300,19.8846,16.4232,20.6295
914,9.1400,19.9069,16.3241,20.6449
915,9.1500,19.9292,16.2251,20.6603
916,9.1600,19.9515,16.1260,20.6757
917,9.1700,19.9739,16.0270,20.6910
918,9.1800,19.9962,15.9279,20.7064
919,9.1900,20.0185,15.8289,20.7218
920,9.2000,20.0408,15.7298,20.7371
921,9.2100,20.0631,15.6308,20.7525
922,9.2200,20.0855,15.5318,20.7678
923,9.2300,20.1078,15.4327,20.7832
924,9.2400,20.1301,15.3337,20.7985
925,9.2500,20.1524,15.2346,20.8138
926,9.2600,20.1748,15.1356,20.8292
927,9.2700,20.1971,15.0365,20.8445
928,9.2800,20.2194,14.9375,20.8598
929,9.2900,20.2417,14.8384,20.8752
930,9.3000,20.2640,14.7394,20.8905
931,9.3100,20.2864,14.6403,20.9058
932,9.3200,20.3087,14.5413,20.9211
933,9.3300,20.3310,14.4423,20.9364
934,9.3400,20.3533,14.3432,20.9517
935,9.3500,20.3757,14.2442,20.9670
936,9.3600,20.3980,14.1451,20.9823
937,9.3700,20.4203,14.0461,20.9976
938,9.3800,20.4426,13.9470,21.0129
939,9.3900,20.4649,13.8480,21.0282
940,9.4000,20.4873,13.7489,21.0435
941,9.4100,20.5096,13.6499,21.0588
942,9.4200,20.5319,13.5508,21.0741
943,9.4300,20.5542,13.4518,21.0894
944,9.4400,20.5766,13.3528,21.1046
945,9.4500,20.5989,13.2537,21.1199
946,9.4600,20.6212,13.1547,21.1352
947,9.4700,20.6435,13.0556,21.1504
948,9.4800,20.6659,12.9566,21.1657
949,9.4900,20.6882,12.8575,21.1810
950,9.5000,20.7105,12.7585,21.1962
951,9.5100,20.7328,12.6594,21.2115
952,9.5200,20.7552,12.5604,21.2267
953,9.5300,20.7775,12.4613,21.2420
954,9.5400,20.7998,12.3623,21.2572
955,9.5500,20.8221,12.2633,21.2724
956,9.5600,20.8445,12.1642,21.2877
957,9.5700,20.8668,12.0652,21.3029
958,9.5800,20.8891,11.9661,21.3181
959,9.5900,20.9115,11.8671,21.3333
960,9.6000,20.9338,11.7680,21.3486
961,9.6100,20.9561,11.6690,21.3638
962,9.6200,20.9784,11.5699,21.3790
963,9.6300,21.0008,11.4709,21.3942
964,9.6400,21.0231,11.3718,21.4094
965,9.6500,21.0454,11.2728,21.4246
966,9.6600,21.0677,11.1738,21.4398
967,9.6700,21.0901,11.0747,21.4550
968,9.6800,21.1124,10.9757,21.4702
969,9.6900,21.1347,10.8766,21.4854
970,9.7000,21.1571,10.7776,21.5006
971,9.7100,21.1794,10.6785,21.5158
972,9.7200,21.2017,10.5795,21.5310
973,9.7300,21.2240,10.4804,21.5462
974,9.7400,21.2464,10.3814,21.5614
975,9.7500,21.2687,10.2823,21.5765
976,9.7600,21.2910,10.1833,21.5917
977,9.7700,21.3134,10.0843,21.6069
978,9.7800,21.3357,9.9852,21.6220
979,9.7900,21.3580,9.8862,21.6372
980,9.8000,21.3803,9.7871,21.6524
981,9.8100,21.4027,9.6881,21.6675
982,9.8200,21.4250,9.5890,21.6827
983,9.8300,21.4473,9.4900,21.6978
984,9.8400,21.4697,9.3909,21.7130
985,9.8500,21.4920,9.2919,21.7281
986,9.8600,21.5143,9.1928,21.7433
987,9.8700,21.5367,9.0938,21.7584
988,9.8800,21.5590,8.9948,21.7735
989,9.8900,21.5813,8.8957,21.7887
990,9.9000,21.6037,8.7967,21.8038
991,9.9100,21.6260,8.6976,21.8189
992,9.9200,21.6483,8.5986,21.8341
993,9.9300,21.6707,8.4995,21.8492
994,9.9400,21.6930,8.4005,21.8643
995,9.9500,21.7153,8.3014,21.8794
996,9.9600,21.7376,8.2024,21.8945
997,9.9700,21.7600,8.1033,21.9096
998,9.9800,21.7823,8.0043,21.9247
999,9.9900,21.8046,7.9053,21.9399
1000,10.0000,21.8270,7.8062,21.9550
1001,10.0100,21.8493,7.7072,21.9701
